인기 페이지,클릭수,노출,CTR,게재 순위
https://lifeverdict.com/home-repair,1,17,5.88%,10.29
https://lifeverdict.com/,0,21,0%,2.76
https://lifeverdict.com/home-repair/verdicts/san-francisco-oakland-ca/1950-1970.html,0,19,0%,13.16
https://lifeverdict.com/home-repair/verdicts/oklahoma-city-ok/1950-1970.html,0,14,0%,11.86
https://lifeverdict.com/home-repair/verdicts/new-orleans-metairie-la/1980-1995.html,0,13,0%,11.46
https://lifeverdict.com/home-repair/verdicts/madison-wi/1950-1970.html,0,10,0%,24.8
https://lifeverdict.com/home-repair/verdicts/abilene-tx/1950-1970.html,0,9,0%,7.11
https://lifeverdict.com/home-repair/verdicts/miami-ft-lauderdale-fl/pre-1950.html,0,9,0%,8.33
https://lifeverdict.com/home-repair/verdicts/worcester-ma-ct/1950-1970.html,0,9,0%,22.78
https://lifeverdict.com/home-repair/verdicts/worcester-ma-ct/1970-1980.html,0,8,0%,10
https://lifeverdict.com/home-repair/verdicts/honolulu-hi/1970-1980.html,0,8,0%,10.38
https://lifeverdict.com/home-repair/verdicts/boise-city-id/pre-1950.html,0,8,0%,21.5
https://lifeverdict.com/home-repair/verdicts/virginia-beach-norfolk-va/2010-present.html,0,7,0%,9.14
https://lifeverdict.com/home-repair/verdicts/durham-chapel-hill-nc/pre-1950.html,0,7,0%,49.57
https://lifeverdict.com/home-repair/verdicts/houston-the-woodlands-tx/1950-1970.html,0,6,0%,9
https://lifeverdict.com/home-repair/verdicts/pittsburgh-pa/2010-present.html,0,6,0%,12.33
https://lifeverdict.com/home-repair/verdicts/baltimore-columbia-md/1950-1970.html,0,5,0%,7.2
https://lifeverdict.com/home-repair/verdicts/san-jose-sunnyvale-ca/1970-1980.html,0,4,0%,3.75
https://lifeverdict.com/home-repair/verdicts/lexington-fayette-ky/1950-1970.html,0,4,0%,10
https://lifeverdict.com/home-repair/verdicts/akron-oh/1950-1970.html,0,4,0%,13.75
https://lifeverdict.com/home-repair/verdicts/erie-pa/1995-2010.html,0,4,0%,17
https://lifeverdict.com/home-repair/verdicts/albuquerque-nm/1970-1980.html,0,4,0%,17.25
https://lifeverdict.com/home-repair/verdicts/tucson-az/1950-1970.html,0,4,0%,17.75
https://lifeverdict.com/home-repair/verdicts/austin-round-rock-tx/1970-1980.html,0,4,0%,18
https://lifeverdict.com/home-repair/verdicts/des-moines-west-des-moines-ia/pre-1950.html,0,4,0%,30.25
https://lifeverdict.com/home-repair/verdicts/fort-collins-co/1950-1970.html,0,4,0%,44.5
https://lifeverdict.com/home-repair/verdicts/corpus-christi-tx/pre-1950.html,0,3,0%,3.33
https://lifeverdict.com/home-repair/verdicts/las-vegas-henderson-nv/pre-1950.html,0,3,0%,8.33
https://lifeverdict.com/home-repair/verdicts/mobile-al/1980-1995.html,0,3,0%,16.33
https://lifeverdict.com/home-repair/verdicts/boulder-co/2010-present.html,0,3,0%,19.67
https://lifeverdict.com/home-repair/verdicts/davenport-moline-ia-il/pre-1950.html,0,2,0%,3
https://lifeverdict.com/home-repair/verdicts/new-haven-milford-ct/1970-1980.html,0,2,0%,3
https://lifeverdict.com/home-repair/verdicts/chicago-naperville-il/1995-2010.html,0,2,0%,4.5
https://lifeverdict.com/home-repair/verdicts/bakersfield-ca/2010-present.html,0,2,0%,5.5
https://lifeverdict.com/home-repair/verdicts/louisville-jefferson-county-ky/1980-1995.html,0,2,0%,6
https://lifeverdict.com/home-repair/verdicts/davenport-moline-ia-il/2010-present.html,0,2,0%,6.5
https://lifeverdict.com/home-repair/verdicts/fayetteville-nc/1980-1995.html,0,2,0%,6.5
https://lifeverdict.com/home-repair/verdicts/denver-aurora-lakewood-co/1995-2010.html,0,2,0%,8
https://lifeverdict.com/home-repair/verdicts/dallas-ft-worth-arlington-tx/1970-1980.html,0,2,0%,10.5
https://lifeverdict.com/home-repair/verdicts/modesto-ca/pre-1950.html,0,2,0%,11
https://lifeverdict.com/home-repair/verdicts/columbia-sc/1950-1970.html,0,2,0%,14.5
https://lifeverdict.com/home-repair/verdicts/montgomery-al/1970-1980.html,0,2,0%,15
https://lifeverdict.com/home-repair/verdicts/knoxville-tn/pre-1950.html,0,2,0%,21.5
https://lifeverdict.com/home-repair/verdicts/cincinnati-oh/1950-1970.html,0,2,0%,24.5
https://lifeverdict.com/home-repair/verdicts/montgomery-al/1995-2010.html,0,2,0%,25
https://lifeverdict.com/home-repair/verdicts/baton-rouge-la/1970-1980.html,0,2,0%,29
https://lifeverdict.com/home-repair/verdicts/anchorage-ak/2010-present.html,0,2,0%,30
https://lifeverdict.com/home-repair/verdicts/el-paso-tx/1970-1980.html,0,2,0%,32
https://lifeverdict.com/home-repair/verdicts/allentown-bethlehem-pa/1980-1995.html,0,2,0%,37.5
https://lifeverdict.com/home-repair/verdicts/jackson-ms/pre-1950.html,0,1,0%,3
https://lifeverdict.com/home-repair/verdicts/eugene-or/1970-1980.html,0,1,0%,4
https://lifeverdict.com/home-repair/verdicts/new-haven-milford-ct/pre-1950.html,0,1,0%,4
https://lifeverdict.com/home-repair/verdicts/seattle-tacoma-bellevue-wa/pre-1950.html,0,1,0%,4
https://lifeverdict.com/home-repair/verdicts/asheville-nc/pre-1950.html,0,1,0%,6
https://lifeverdict.com/home-repair/verdicts/washington-arlington-dc-va/1980-1995.html,0,1,0%,6
https://lifeverdict.com/home-repair/verdicts/mobile-al/1950-1970.html,0,1,0%,7
https://lifeverdict.com/home-repair/verdicts/mobile-al/1995-2010.html,0,1,0%,8
https://lifeverdict.com/home-repair/verdicts/cincinnati-oh/pre-1950.html,0,1,0%,9
https://lifeverdict.com/home-repair/verdicts/fresno-ca/1950-1970.html,0,1,0%,10
https://lifeverdict.com/home-repair/verdicts/knoxville-tn/1995-2010.html,0,1,0%,10
https://lifeverdict.com/home-repair/verdicts/oxnard-thousand-oaks-ca/1980-1995.html,0,1,0%,14
https://lifeverdict.com/home-repair/verdicts/fort-collins-co/1980-1995.html,0,1,0%,15
https://lifeverdict.com/home-repair/verdicts/jackson-ms/1950-1970.html,0,1,0%,16
https://lifeverdict.com/home-repair/verdicts/hilton-head-island-sc/1970-1980.html,0,1,0%,17
https://lifeverdict.com/home-repair/verdicts/knoxville-tn/1950-1970.html,0,1,0%,18
https://lifeverdict.com/home-repair/verdicts/abilene-tx/1970-1980.html,0,1,0%,20
https://lifeverdict.com/home-repair/verdicts/atlanta-sandy-springs-ga/1950-1970.html,0,1,0%,20
https://lifeverdict.com/home-repair/verdicts/portland-vancouver-or-wa/1950-1970.html,0,1,0%,20
https://lifeverdict.com/home-repair/verdicts/knoxville-tn/1980-1995.html,0,1,0%,21
https://lifeverdict.com/home-repair/verdicts/tulsa-ok/2010-present.html,0,1,0%,22
https://lifeverdict.com/home-repair/verdicts/knoxville-tn/1970-1980.html,0,1,0%,24
https://lifeverdict.com/home-repair/verdicts/asheville-nc/1995-2010.html,0,1,0%,25
https://lifeverdict.com/home-repair/verdicts/anchorage-ak/1970-1980.html,0,1,0%,26
https://lifeverdict.com/home-repair/verdicts/mobile-al/pre-1950.html,0,1,0%,27
https://lifeverdict.com/home-repair/verdicts/eugene-or/2010-present.html,0,1,0%,28
https://lifeverdict.com/home-repair/verdicts/pittsburgh-pa/pre-1950.html,0,1,0%,29
https://lifeverdict.com/home-repair/verdicts/richmond-va/2010-present.html,0,1,0%,30
https://lifeverdict.com/home-repair/verdicts/riverside-san-bernardino-ca/1980-1995.html,0,1,0%,31
https://lifeverdict.com/home-repair/verdicts/wichita-ks/1970-1980.html,0,1,0%,32
https://lifeverdict.com/home-repair/verdicts/jackson-ms/1980-1995.html,0,1,0%,34
https://lifeverdict.com/home-repair/verdicts/asheville-nc/2010-present.html,0,1,0%,36
https://lifeverdict.com/home-repair/verdicts/columbus-oh/1970-1980.html,0,1,0%,37
https://lifeverdict.com/home-repair/verdicts/flint-mi/1980-1995.html,0,1,0%,40
https://lifeverdict.com/home-repair/verdicts/anchorage-ak/1995-2010.html,0,1,0%,44
https://lifeverdict.com/home-repair/verdicts/erie-pa/2010-present.html,0,1,0%,45
https://lifeverdict.com/home-repair/verdicts/boulder-co/1995-2010.html,0,1,0%,46
https://lifeverdict.com/home-repair/verdicts/abilene-tx/2010-present.html,0,1,0%,47
https://lifeverdict.com/home-repair/verdicts/cincinnati-oh/2010-present.html,0,1,0%,48
https://lifeverdict.com/home-repair/verdicts/bridgeport-stamford-ct/pre-1950.html,0,1,0%,50
https://lifeverdict.com/home-repair/verdicts/fargo-nd-mn/pre-1950.html,0,1,0%,51
https://lifeverdict.com/home-repair/verdicts/el-paso-tx/pre-1950.html,0,1,0%,52
https://lifeverdict.com/home-repair/verdicts/cleveland-elyria-oh/pre-1950.html,0,1,0%,54
https://lifeverdict.com/home-repair/verdicts/evansville-in-ky/pre-1950.html,0,1,0%,55
https://lifeverdict.com/home-repair/verdicts/raleigh-cary-nc/1970-1980.html,0,1,0%,56
https://lifeverdict.com/home-repair/verdicts/buffalo-cheektowaga-ny/1950-1970.html,0,1,0%,57
https://lifeverdict.com/home-repair/verdicts/iowa-city-ia/1950-1970.html,0,1,0%,60
https://lifeverdict.com/home-repair/verdicts/minneapolis-st-paul-mn-wi/1950-1970.html,0,1,0%,70
https://lifeverdict.com/home-repair/verdicts/atlanta-sandy-springs-ga/pre-1950.html,0,1,0%,93